{
  "global_avg_error": 81.85344827586206,
  "global_error_std": 193.5068734909568,
  "route_avg_error": {
    "28": 74.30797101449275,
    "38": 73.22950819672131,
    "80": 132.16638935108153,
    "84": 132.3347280334728,
    "A": 47.58792184724689,
    "B": 60.23824451410658,
    "C": 104.85106382978724,
    "D": 57.62844036697248,
    "E": 74.55421686746988,
    "F": 55.57798165137615,
    "G": 46.8252427184466,
    "H": 50.66265060240964,
    "J": 49.97142857142857,
    "L": 166.16,
    "O": 218.67307692307693,
    "P": 34.06666666666667,
    "R": 44.6625
  },
  "route_error_std": {
    "28": 141.72176098338562,
    "38": 143.86727630151384,
    "80": 291.8037564330546,
    "84": 342.3392662267375,
    "A": 78.55288580372792,
    "B": 130.68041450047326,
    "C": 217.6184403221824,
    "D": 100.36384162898243,
    "E": 137.97554157699324,
    "F": 114.60700107710936,
    "G": 38.66711304284251,
    "H": 38.76139552612276,
    "J": 51.82579123720773,
    "L": 277.96622696531557,
    "O": 378.73125249162666,
    "P": 28.436562648078535,
    "R": 37.9763229867629
  },
  "hour_route_error": {
    "28:16": 70.86666666666666,
    "28:17": 73.77272727272727,
    "28:18": 51.46341463414634,
    "28:19": 102.8,
    "28:20": 75.08510638297872,
    "28:21": 54.52,
    "38:16": 44.58620689655172,
    "38:17": 108.28571428571429,
    "38:18": 102.125,
    "38:19": 99.55172413793103,
    "38:20": 52.083333333333336,
    "38:21": 49.64705882352941,
    "80:16": 88.23008849557522,
    "80:17": 48.82857142857143,
    "80:18": 169.3490566037736,
    "80:19": 185.58536585365854,
    "80:20": 198.3125,
    "80:21": 50.023809523809526,
    "84:16": 156.62790697674419,
    "84:17": 169.78947368421052,
    "84:18": 123.84210526315789,
    "84:19": 99.35897435897436,
    "84:20": 72.275,
    "84:21": 170.27027027027026,
    "A:16": 45.75229357798165,
    "A:17": 54.391752577319586,
    "A:18": 40.91919191919192,
    "A:19": 54.48936170212766,
    "A:20": 45.734042553191486,
    "A:21": 45.484848484848484,
    "B:16": 47.490566037735846,
    "B:17": 46.482142857142854,
    "B:18": 54.666666666666664,
    "B:19": 77.45614035087719,
    "B:20": 65.47368421052632,
    "B:21": 72.025,
    "C:16": 82.88235294117646,
    "C:17": 122.48484848484848,
    "C:18": 98.39583333333333,
    "C:19": 61.63265306122449,
    "C:20": 74.65384615384616,
    "C:21": 85.3859649122807,
    "D:16": 41.486486486486484,
    "D:17": 64.74418604651163,
    "D:18": 61.19753086419753,
    "D:19": 55.83673469387755,
    "D:20": 48.52564102564103,
    "D:21": 65.51785714285714,
    "E:16": 57.714285714285715,
    "E:17": 86.53333333333333,
    "E:18": 42.07692307692308,
    "E:19": 89.27777777777777,
    "E:21": 99.77777777777777,
    "F:16": 156.08333333333334,
    "F:17": 48.083333333333336,
    "F:18": 41.80952380952381,
    "F:19": 45.59090909090909,
    "F:20": 36.03846153846154,
    "F:21": 48.8,
    "G:16": 55.96153846153846,
    "G:17": 44.166666666666664,
    "G:18": 43.411764705882355,
    "G:19": 25.9,
    "G:20": 41.72222222222222,
    "G:21": 59.0,
    "H:16": 61.12,
    "H:17": 47.411764705882355,
    "H:19": 43.0625,
    "H:21": 44.23076923076923,
    "J:16": 52.77777777777778,
    "J:17": 35.625,
    "J:18": 67.83333333333333,
    "J:20": 42.666666666666664,
    "J:21": 58.0625,
    "L:19": 95.0,
    "O:19": 180.92307692307693,
    "O:20": 331.84615384615387,
    "R:16": 57.47826086956522,
    "R:18": 35.55555555555556,
    "R:20": 41.833333333333336,
    "R:21": 53.333333333333336
  },
  "stop_avg_error": {
    "0005": 57.42965517241379,
    "0010": -173.39240506329114,
    "0039": 58.62327586206896,
    "0049": 69.43206896551723,
    "0052": 79.30862068965517,
    "0060": 73.32568965517241,
    "0061": 59.269137931034486,
    "0087": 82.5203448275862,
    "0145": 80.26034482758621,
    "0184": 365.3859649122807,
    "0200": 54.47017241379311,
    "0201": 72.98431034482758,
    "0288": 77.52275862068966,
    "0298": 70.27793103448276,
    "0336": 72.33206896551724,
    "0432": 58.48189655172414,
    "0438": 92.24086206896553,
    "0480": 72.46862068965517,
    "0486": 73.90568965517241,
    "0488": 123.03636363636363,
    "0532": 228.0,
    "0537": 77.68620689655171,
    "0573": 80.18086206896552,
    "0626": 67.57793103448276,
    "0706": 68.88913793103448,
    "0716": 79.54862068965517,
    "0743": 70.42913793103449,
    "0752": 72.80275862068964,
    "0757": 82.59155172413793,
    "0765": 73.99448275862068,
    "0839": 73.2003448275862,
    "0887": 149.80672413793104,
    "0941": 74.195,
    "10013": 110.68327586206897,
    "10014": 84.26275862068965,
    "10017": 79.96275862068966,
    "10021": 79.34275862068965,
    "10026": 73.52275862068966,
    "10041": 74.92862068965516,
    "10042": 73.81155172413793,
    "10045": 76.22568965517242,
    "10046": 78.57741379310343,
    "10050": 59.52379310344828,
    "10054": 63.19155172413792,
    "10057": 31.20086206896552,
    "10061": 74.11258620689654,
    "10069": 61.93741379310344,
    "10070": 80.94620689655171,
    "10071": 69.92275862068965,
    "10077": 43.698965517241376,
    "10081": 65.97310344827585,
    "10082": 67.39155172413793,
    "10085": 79.82379310344828,
    "10086": 68.28568965517242,
    "10089": 71.00327586206896,
    "10090": 69.24327586206896,
    "10093": 50.51793103448276,
    "10094": 72.14568965517242,
    "10097": 73.69448275862068,
    "10098": 66.37448275862069,
    "10101": 58.589655172413785,
    "10102": 70.65448275862069,
    "10105": 77.93448275862069,
    "10113": 71.16568965517241,
    "10118": 72.46862068965517,
    "10125": 68.33741379310344,
    "10129": 74.89155172413793,
    "10133": 75.76862068965517,
    "1121": 75.20275862068965,
    "1151": 69.52862068965517,
    "1227": 76.67155172413793,
    "1289": 76.30568965517242,
    "1901": 266.4003448275862,
    "2014": 77.80275862068964,
    "2039": 73.88275862068966,
    "2041": 200.32086206896554,
    "2048": 140.7691379310345,
    "2054": 80.31155172413793,
    "2071": 79.10862068965517,
    "2076": 75.64275862068965,
    "2082": -145.47058823529412,
    "2091": 76.21258620689655,
    "2125": 229.24965517241378,
    "2145": 58.31551724137931,
    "2175": 74.04568965517241,
    "2195": 76.92086206896553,
    "2267": 116.01258620689656,
    "2349": 149.53603448275862,
    "2395": 70.43155172413793,
    "2442": 189.43859649122808,
    "2576": 64.74862068965517,
    "2620": 67.42862068965518,
    "2665": 81.02275862068966,
    "2770": 66.48275862068965,
    "2978": 255.23413793103447,
    "2996": 418.72
  },
  "stop_error_std": {
    "0005": 27.622204000516575,
    "0010": 132.70571043705334,
    "0039": 26.038715519056485,
    "0049": 28.819949231117853,
    "0052": 26.22325477337035,
    "0060": 33.871682997614826,
    "0061": 35.53920493932438,
    "0087": 32.0446953488405,
    "0145": 36.67855867760709,
    "0184": 426.6020542105273,
    "0200": 33.798870341531185,
    "0201": 26.671881210590072,
    "0288": 29.415793188164905,
    "0298": 32.3650712265219,
    "0336": 27.404331198207565,
    "0432": 32.02572633285851,
    "0438": 206.31084801315015,
    "0480": 38.68550350994778,
    "0486": 82.43311338180902,
    "0488": 231.6282113276107,
    "0532": 323.98158215208855,
    "0537": 31.31398025606333,
    "0573": 223.38083187111386,
    "0626": 31.738003494247486,
    "0706": 46.64385407325403,
    "0716": 24.717034979580745,
    "0743": 41.62608550118599,
    "0752": 41.30160072227495,
    "0757": 23.232106431203544,
    "0765": 32.74417992073276,
    "0839": 26.34949398628621,
    "0887": 374.44328453496576,
    "0941": 26.900699229715556,
    "10013": 365.4777594424301,
    "10014": 85.86352219915302,
    "10017": 20.100856808714507,
    "10021": 20.41812919931696,
    "10026": 27.034134801107367,
    "10041": 25.05267178638565,
    "10042": 36.27088257923873,
    "10045": 48.54913162784873,
    "10046": 28.526846169546197,
    "10050": 42.122664215119514,
    "10054": 35.363497042528515,
    "10057": 75.38399721143156,