{
  "global_avg_error": 73.05147501505117,
  "global_error_std": 164.94987784215613,
  "route_avg_error": {
    "80": 106.0778761061947,
    "81": 44.875,
    "82": 40.16494845360825,
    "A": 74.58662613981762,
    "B": 55.31954887218045,
    "C": 72.81376518218623,
    "D": 59.437768240343345,
    "E": 105.32098765432099,
    "F": 123.70344827586207,
    "G": 60.55581947743468,
    "H": 48.92334494773519,
    "J": 51.07936507936508,
    "L": 179.09859154929578,
    "O": 33.92307692307692,
    "P": 360.74766355140184,
    "R": 60.317708333333336,
    "S": 6.103448275862069
  },
  "route_error_std": {
    "80": 290.7378927717429,
    "81": 124.946921466103,
    "82": 95.1842873601308,
    "A": 156.8467735113727,
    "B": 104.79240106635449,
    "C": 127.30396853538502,
    "D": 106.80515453712799,
    "E": 219.42960088173578,
    "F": 240.3603522762441,
    "G": 115.85789672659425,
    "H": 35.70588449224584,
    "J": 59.425462983418555,
    "L": 301.9711980082858,
    "O": 60.556146709604924,
    "P": 407.94494387730253,
    "R": 97.25648091439487,
    "S": 129.53881619106102
  },
  "hour_route_error": {
    "80:0": 109.11538461538461,
    "80:1": 153.66666666666666,
    "80:2": 223.45833333333334,
    "80:3": 48.34782608695652,
    "80:4": 163.2,
    "80:5": 53.964285714285715,
    "80:6": 289.675,
    "80:7": 36.96551724137931,
    "80:8": 59.93333333333333,
    "80:15": 149.52631578947367,
    "80:17": 24.4,
    "80:18": 54.02040816326531,
    "80:19": 28.283333333333335,
    "80:20": 62.0,
    "80:21": 59.34146341463415,
    "80:22": 72.79411764705883,
    "80:23": 141.05128205128204,
    "81:0": 52.666666666666664,
    "81:1": 30.88235294117647,
    "81:2": 59.77777777777778,
    "81:3": 40.392857142857146,
    "81:4": 51.96969696969697,
    "81:5": 40.35,
    "81:6": 32.888888888888886,
    "81:7": 62.12820512820513,
    "81:8": -7.0,
    "82:1": 64.05,
    "82:2": 49.26829268292683,
    "82:3": 56.529411764705884,
    "82:4": 80.2439024390244,
    "82:5": 19.724137931034484,
    "82:6": 35.86486486486486,
    "82:7": -13.956521739130435,
    "82:8": 16.842105263157894,
    "A:0": 70.82456140350877,
    "A:1": 65.83870967741936,
    "A:2": 78.20779220779221,
    "A:3": 154.57575757575756,
    "A:4": 147.28571428571428,
    "A:5": 53.94117647058823,
    "A:12": 105.15384615384616,
    "A:13": 51.609756097560975,
    "A:14": 97.55172413793103,
    "A:15": 49.46875,
    "A:16": 41.3235294117647,
    "A:17": 55.739583333333336,
    "A:18": 48.72093023255814,
    "A:19": 49.84347826086957,
    "A:20": 63.794520547945204,
    "A:21": 65.98550724637681,
    "A:22": 93.8970588235294,
    "A:23": 87.71428571428571,
    "B:0": 63.232142857142854,
    "B:1": 57.875,
    "B:2": 47.86842105263158,
    "B:3": 61.85294117647059,
    "B:4": 72.54545454545455,
    "B:5": 24.7,
    "B:12": 38.142857142857146,
    "B:13": 52.30769230769231,
    "B:14": 80.11111111111111,
    "B:15": 55.1875,
    "B:16": 108.51724137931035,
    "B:17": 51.96341463414634,
    "B:18": 47.68292682926829,
    "B:19": 36.853658536585364,
    "B:20": 65.1,
    "B:21": 48.403225806451616,
    "B:22": 55.6,
    "B:23": 51.67741935483871,
    "C:0": 75.46666666666667,
    "C:1": 67.453125,
    "C:2": 69.06349206349206,
    "C:3": 101.75,
    "C:4": 88.24137931034483,
    "C:12": 96.21428571428571,
    "C:15": 59.55555555555556,
    "C:16": 82.73684210526316,
    "C:17": 46.674418604651166,
    "C:18": 61.07017543859649,
    "C:19": 84.8955223880597,
    "C:20": 78.05357142857143,
    "C:21": 50.19230769230769,
    "C:22": 65.87037037037037,
    "C:23": 69.69444444444444,
    "D:0": 75.1590909090909,
    "D:1": 48.52272727272727,
    "D:2": 41.895833333333336,
    "D:3": 52.265306122448976,
    "D:4": 57.02272727272727,
    "D:11": 35.1,
    "D:12": 47.8,
    "D:14": 115.16666666666667,
    "D:15": 86.63333333333334,
    "D:16": 50.53125,
    "D:17": 51.755102040816325,
    "D:18": 40.142857142857146,
    "D:19": 48.03636363636364,
    "D:20": 105.70588235294117,
    "D:21": 64.90625,
    "D:22": 47.76744186046512,
    "D:23": 45.63636363636363,
    "E:17": 45.5,
    "E:18": 128.25,
    "E:19": 49.2,
    "E:21": 160.5625,
    "E:22": 58.6875,
    "E:23": 106.2,
    "F:17": 100.91666666666667,
    "F:18": 120.53846153846153,
    "F:19": 184.66666666666666,
    "F:21": 155.64705882352942,
    "F:22": 35.916666666666664,
    "F:23": 112.27272727272727,
    "G:0": 52.421052631578945,
    "G:1": 99.72972972972973,
    "G:2": 36.63636363636363,
    "G:3": 45.93333333333333,
    "G:4": 45.35294117647059,
    "G:12": 42.666666666666664,
    "G:15": 43.59090909090909,
    "G:16": 82.72222222222223,
    "G:17": 43.37931034482759,
    "G:18": 53.888888888888886,
    "G:19": 55.3125,
    "G:20": 42.34090909090909,
    "G:21": 54.09375,
    "G:22": 46.583333333333336,
    "G:23": 52.8125,
    "H:0": 49.38095238095238,
    "H:1": 44.18181818181818,
    "H:2": 39.130434782608695,
    "H:3": 40.76470588235294,
    "H:13": 41.30769230769231,
    "H:17": 44.56521739130435,
    "H:18": 63.23529411764706,
    "H:19": 41.28,
    "H:20": 53.758620689655174,
    "H:21": 55.17391304347826,
    "H:22": 57.642857142857146,
    "H:23": 60.65217391304348,
    "J:0": 75.3076923076923,
    "J:1": 47.3,
    "J:12": 31.9,
    "J:18": 27.833333333333332,
    "J:20": 45.785714285714285,
    "O:0": 30.916666666666668,
    "O:1": 46.46153846153846,
    "O:2": 27.583333333333332,
    "O:3": 20.11764705882353,
    "O:4": 41.93333333333333,
    "O:15": 51.63636363636363,
    "O:17": -0.08333333333333333,
    "O:18": 23.5,
    "O:19": 16.0,
    "O:20": 31.393939393939394,
    "O:22": 29.161290322580644,
    "O:23": 23.5,
    "P:17": 297.0,
    "P:18": 450.9,
    "P:19": 358.27272727272725,
    "P:21": 522.625,
    "R:0": 55.5,
    "R:1": 74.8,
    "R:2": 56.388888888888886,
    "R:3": 41.35,
    "R:4": 54.611111111111114,
    "R:14": 29.076923076923077,
    "R:15": 54.93333333333333,
    "R:16": 86.41176470588235,
    "R:17": 60.40625,
    "R:18": 50.44827586206897,
    "R:19": 56.18181818181818,
    "R:20": 76.66666666666667,
    "R:21": 63.84848484848485,
    "R:22": 66.88888888888889,
    "R:23": 86.51515151515152,
    "S:17": 4.454545454545454
  },
  "stop_avg_error": {
    "0005": 59.511914509331724,
    "0010": -65.55645161290323,
    "0039": 24.32411800120409,
    "0049": 66.01544250451535,
    "0052": 61.732944009632746,
    "0056": 66.33397350993377,
    "0061": 52.33397350993376,
    "0068": 64.30015051173991,
    "0087": 73.54617700180614,
    "0096": 99.92882600842864,
    "0099": 8.736472004816369,
    "0115": 57.69544250451535,
    "0133": 72.22118001204095,
    "0145": 70.9560325105358,
    "0161": 53.30779650812763,
    "0181": 61.340150511739914,
    "0182": 58.893973509933765,
    "0194": 68.90118001204094,
    "0200": 54.21153846153846,
    "0201": 69.61853100541842,
    "0217": 68.16015051173991,
    "0251": 66.19809151113786,
    "0288": 66.99191450933174,
    "0298": 80.7950030102348,
    "0321": 42.65912101143889,
    "0327": 59.900150511739916,
    "0336": 74.48882600842865,
    "0422": 79.82118001204094,
    "0432": 61.621619506321494,
    "0448": 71.64118001204093,
    "0454": 60.97912101143889,
    "0470": 73.53500301023479,
    "0480": 55.82882600842865,
    "0486": 32.527272727272724,
    "0488": 60.95500301023479,
    "0519": 64.01500301023479,
    "0528": 60.25603251053581,
    "0532": 81.61912101143889,
    "0533": 67.6267670078266,
    "0537": 71.91706201083684,
    "0546": 69.84118001204094,
    "0558": 63.62118001204094,
    "0561": 63.287796508127634,
    "0564": 66.35912101143889,
    "0571": 66.34015051173992,
    "0573": 154.70573750752558,
    "0590": 103.23603251053581,
    "0593": 61.92470800722456,
    "0610": 71.83912101143889,
    "0626": 77.57235400361228,
    "0637": 82.8991210114389,
    "0682": 71.11706201083683,
    "0692": 67.89088500903071,
    "0706": 60.59500301023479,
    "0709": 66.08015051173992,
    "0710": 64.75191450933173,
    "0715": 70.91809151113786,