{
  "global_avg_error": 79.9501493651979,
  "global_error_std": 185.78892860584568,
  "route_avg_error": {
    "28": 118.80722891566265,
    "38": 113.85074626865672,
    "65": 118.0,
    "75": 86.83333333333333,
    "80": 92.07669616519173,
    "81": 63.4,
    "82": 39.97604790419162,
    "84": 99.14788732394366,
    "A": 77.687265917603,
    "B": 77.70276497695852,
    "C": 61.60928433268859,
    "D": 56.93429487179487,
    "E": 74.87586206896552,
    "F": 62.638888888888886,
    "G": 53.888489208633096,
    "H": 76.5036496350365,
    "J": 60.68867924528302,
    "L": 219.31666666666666,
    "O": 98.02314814814815,
    "P": 139.0,
    "R": 69.46198830409357,
    "S": 26.785714285714285,
    "W": 48.1875
  },
  "route_error_std": {
    "28": 213.73397645079157,
    "38": 222.12565725719372,
    "65": 238.11392231450893,
    "75": 220.19623600993086,
    "80": 265.20861276575647,
    "81": 179.22769754579667,
    "82": 108.39641394147309,
    "84": 292.58413222204837,
    "A": 177.46323125980538,
    "B": 146.78523263222414,
    "C": 104.05802156306166,
    "D": 79.08213730009727,
    "E": 151.7822765765444,
    "F": 98.51784394881969,
    "G": 101.96094571874505,
    "H": 167.12799445544684,
    "J": 65.25851350517922,
    "L": 327.9161990750369,
    "O": 191.73410469588202,
    "P": 259.9148461953016,
    "R": 129.25138531340835,
    "S": 81.08701742945289,
    "W": 38.500595233493904
  },
  "hour_route_error": {
    "28:11": 70.85714285714286,
    "28:13": 255.8125,
    "28:14": 96.63636363636364,
    "28:16": 118.94117647058823,
    "28:17": 97.29032258064517,
    "28:18": 295.5,
    "28:19": 152.14814814814815,
    "28:20": 38.35,
    "28:21": 48.0,
    "28:22": 95.46153846153847,
    "38:13": 33.18181818181818,
    "38:14": 416.72222222222223,
    "38:15": 125.96666666666667,
    "38:16": 122.72,
    "38:17": 93.25,
    "38:18": 163.6153846153846,
    "38:19": 77.15,
    "38:20": 31.85,
    "38:21": 48.38095238095238,
    "38:22": 50.28,
    "65:12": 281.6,
    "65:21": 39.25,
    "65:22": 144.23333333333332,
    "80:0": 77.66129032258064,
    "80:1": 111.28260869565217,
    "80:2": 229.625,
    "80:3": 109.63414634146342,
    "80:4": 242.42105263157896,
    "80:5": 203.93478260869566,
    "80:6": 164.9375,
    "80:11": 127.4,
    "80:12": -42.625,
    "80:13": 50.56818181818182,
    "80:14": 100.35897435897436,
    "80:15": 94.37333333333333,
    "80:16": 28.661290322580644,
    "80:17": -1.328358208955224,
    "80:18": 39.793103448275865,
    "80:19": 196.8095238095238,
    "80:20": 130.58620689655172,
    "80:21": 72.52380952380952,
    "80:22": 8.54945054945055,
    "80:23": 54.81333333333333,
    "81:0": 52.36363636363637,
    "81:4": 104.78571428571429,
    "81:5": 7.545454545454546,
    "81:23": 86.0,
    "82:0": 25.13157894736842,
    "82:1": 40.64,
    "82:2": 107.9047619047619,
    "82:3": 69.28,
    "82:4": 39.68,
    "82:5": 71.84615384615384,
    "82:6": -172.0,
    "84:15": 294.61538461538464,
    "84:16": 169.94444444444446,
    "84:17": 80.66666666666667,
    "84:18": 70.46666666666667,
    "84:20": 51.857142857142854,
    "84:21": 122.0952380952381,
    "84:22": 116.05555555555556,
    "84:23": -19.1,
    "A:0": 66.8,
    "A:1": 46.891891891891895,
    "A:2": 108.57575757575758,
    "A:3": 84.0909090909091,
    "A:4": 142.66666666666666,
    "A:12": 126.6470588235294,
    "A:13": 34.416666666666664,
    "A:14": 147.6,
    "A:15": 49.111111111111114,
    "A:16": 436.8333333333333,
    "A:18": 68.325,
    "A:19": 82.45098039215686,
    "A:20": 42.13793103448276,
    "A:21": 47.728813559322035,
    "A:22": 51.63636363636363,
    "A:23": 38.11904761904762,
    "B:0": 74.44444444444444,
    "B:1": 51.0,
    "B:2": 88.29629629629629,
    "B:3": 64.2,
    "B:4": 61.10526315789474,
    "B:15": 63.05263157894737,
    "B:16": 162.34782608695653,
    "B:17": 117.19047619047619,
    "B:18": 67.21052631578948,
    "B:19": 35.8421052631579,
    "B:20": 44.529411764705884,
    "B:21": 42.26315789473684,
    "B:22": 44.56666666666667,
    "B:23": 108.52,
    "C:0": 73.4888888888889,
    "C:1": 52.89473684210526,
    "C:2": 45.8235294117647,
    "C:3": 45.411764705882355,
    "C:13": 180.27272727272728,
    "C:14": 113.75,
    "C:15": 115.36842105263158,
    "C:16": 52.95,
    "C:17": 58.16,
    "C:18": 77.15151515151516,
    "C:19": 48.61224489795919,
    "C:20": 44.09090909090909,
    "C:21": 49.41818181818182,
    "C:22": 47.35,
    "C:23": 48.604651162790695,
    "D:0": 61.76923076923077,
    "D:1": 55.40625,
    "D:2": 46.145833333333336,
    "D:3": 72.53488372093024,
    "D:4": 55.55,
    "D:10": 49.9,
    "D:11": 44.35,
    "D:12": 34.0,
    "D:13": 55.333333333333336,
    "D:14": 124.73684210526316,
    "D:15": 47.925925925925924,
    "D:16": 50.21052631578947,
    "D:17": 53.625,
    "D:18": 52.41935483870968,
    "D:19": 40.743589743589745,
    "D:20": 58.94230769230769,
    "D:21": 44.92857142857143,
    "D:22": 53.648648648648646,
    "D:23": 47.39622641509434,
    "E:0": 137.15384615384616,
    "E:1": 118.27272727272727,
    "E:18": 41.0,
    "E:21": 54.07142857142857,
    "E:22": 29.27777777777778,
    "E:23": 54.61538461538461,
    "F:13": 105.63636363636364,
    "F:14": 30.375,
    "F:20": 40.38461538461539,
    "F:23": 65.63636363636364,
    "G:0": 51.45454545454545,
    "G:1": 84.90322580645162,
    "G:2": 38.625,
    "G:3": 51.16,
    "G:15": 56.0,
    "G:17": 38.8,
    "G:18": 50.2,
    "G:19": 27.857142857142858,
    "G:21": 37.266666666666666,
    "G:22": 42.642857142857146,
    "G:23": 68.7741935483871,
    "H:0": 119.75,
    "H:1": 48.529411764705884,
    "H:2": 183.0952380952381,
    "H:20": 31.53846153846154,
    "H:22": 25.666666666666668,
    "H:23": 46.333333333333336,
    "J:0": 77.63636363636364,
    "J:18": 67.7,
    "J:20": 83.5,
    "J:22": 57.6,
    "O:0": 37.5,
    "O:1": 41.9375,
    "O:2": 56.4,
    "O:3": 69.72222222222223,
    "O:15": 131.26666666666668,
    "O:17": 78.9,
    "O:18": 104.47058823529412,
    "O:19": 130.83333333333334,
    "O:20": 163.24,
    "O:21": 198.7058823529412,
    "O:22": 48.46153846153846,
    "O:23": 54.90909090909091,
    "P:0": 44.90909090909091,
    "R:0": 44.5,
    "R:2": 46.18181818181818,
    "R:14": 46.0625,
    "R:16": 287.72727272727275,
    "R:18": 53.09090909090909,
    "R:19": 58.94117647058823,
    "R:20": 35.0,
    "R:22": 35.81818181818182,
    "R:23": 34.73684210526316
  },
  "stop_avg_error": {
    "0005": 45.926041822255414,
    "0010": -125.70833333333333,
    "0039": 25.73846153846154,
    "0049": 44.932203389830505,
    "0052": 51.56305078416729,
    "0056": 75.32011949215833,
    "0060": 75.24311053024645,
    "0061": 34.86703883495146,
    "0087": 101.67507468259896,
    "0096": 92.18111650485436,
    "0099": 37.784107542942486,
    "0115": 72.04709858103061,
    "0133": 75.62111650485437,
    "0145": 66.43607169529498,
    "0161": 73.80111650485436,
    "0182": 76.72011949215833,
    "0184": 213.55700896191186,
    "0200": 96.5,
    "0201": 67.82142857142857,
    "0286": 57.002113517550406,
    "0288": 153.92510455563854,
    "0298": 210.65806572068706,
    "0336": 110.43137254901961,
    "0432": 67.98039215686275,
    "0438": 99.9910866318148,
    "0470": 74.02111650485436,
    "0480": 63.01308065720687,
    "0486": 90.65401792382374,
    "0488": 153.0344827586207,
    "0528": 69.38709858103061,
    "0532": 205.2,
    "0533": 69.62011949215832,
    "0537": 65.47507468259894,
    "0546": 77.2221135175504,
    "0571": 79.00809559372667,
    "0573": 193.5150149365198,
    "0593": 72.74311053024645,
    "0610": 75.64610156833457,
    "0626": 85.05002987303958,
    "0682": 72.9021135175504,
    "0692": 68.50709858103062,
    "0706": 53.52404779686333,
    "0710": 72.26510455563853,
    "0716": 73.6630507841673,
    "0743": 71.19806572068708,
    "0752": 225.9590627333831,
    "0765": 52.92307692307692,
    "0782": 69.84111650485437,
    "0791": 68.58709858103062,
    "0806": 73.00011949215833,
    "0839": 65.16410754294249,
    "0887": 100.97706870799104,