{
  "global_avg_error": 81.27766558966074,
  "global_error_std": 188.87365877741266,
  "route_avg_error": {
    "28": 113.07661290322581,
    "38": 105.41871921182266,
    "65": 121.69135802469135,
    "75": 35.588235294117645,
    "80": 92.94450489662677,
    "81": 52.9375,
    "82": 38.568627450980394,
    "84": 99.03030303030303,
    "A": 78.082,
    "B": 79.8369304556355,
    "C": 69.11704312114989,
    "D": 58.03770197486535,
    "E": 70.02898550724638,
    "F": 63.98,
    "G": 60.93436293436294,
    "H": 70.98449612403101,
    "J": 63.45794392523364,
    "L": 190.0,
    "O": 98.86868686868686,
    "P": 156.30434782608697,
    "R": 71.80813953488372,
    "S": 40.6875,
    "W": 53.23076923076923
  },
  "route_error_std": {
    "28": 212.32893609362625,
    "38": 210.7203276372253,
    "65": 237.20363835612378,
    "75": 34.81569118861747,
    "80": 272.14403339515167,
    "81": 136.69649659318657,
    "82": 71.53182630364668,
    "84": 287.6182780768234,
    "A": 174.2063344713384,
    "B": 163.98954081967403,
    "C": 128.75142996163106,
    "D": 92.81574739500708,
    "E": 145.05800209304576,
    "F": 115.45526747567122,
    "G": 129.33290204370297,
    "H": 149.49733403225605,
    "J": 73.27723015974075,
    "L": 288.6498825861205,
    "O": 190.8188417978397,
    "P": 282.00038373222253,
    "R": 127.88373439966395,
    "S": 85.09031966093441,
    "W": 40.72090750084418
  },
  "hour_route_error": {
    "28:11": 74.38461538461539,
    "28:13": 162.0,
    "28:14": 86.5925925925926,
    "28:15": 110.2,
    "28:16": 125.1875,
    "28:17": 115.27272727272727,
    "28:18": 272.30434782608694,
    "28:19": 145.40740740740742,
    "28:20": 44.333333333333336,
    "28:21": 45.70967741935484,
    "28:22": 95.65384615384616,
    "38:14": 465.625,
    "38:15": 121.19354838709677,
    "38:16": 89.0,
    "38:17": 80.4,
    "38:18": 164.85714285714286,
    "38:19": 44.526315789473685,
    "38:20": 22.55,
    "38:21": 45.94117647058823,
    "38:22": 46.3,
    "65:12": 354.6,
    "65:21": 38.82608695652174,
    "65:22": 161.80769230769232,
    "80:0": 121.54098360655738,
    "80:1": 161.93023255813952,
    "80:2": 165.6,
    "80:3": 106.9,
    "80:4": 224.45,
    "80:5": 184.65217391304347,
    "80:11": 127.4,
    "80:12": 16.95,
    "80:13": 34.904761904761905,
    "80:14": 123.81012658227849,
    "80:15": 73.94736842105263,
    "80:16": 20.35483870967742,
    "80:17": 15.76271186440678,
    "80:18": 15.0,
    "80:19": 193.21666666666667,
    "80:20": 147.2741935483871,
    "80:21": 61.5,
    "80:22": 25.86046511627907,
    "80:23": 67.75675675675676,
    "81:0": 83.84615384615384,
    "81:23": 85.2,
    "82:0": 31.63157894736842,
    "82:1": 33.64,
    "82:2": 46.30769230769231,
    "82:4": 27.833333333333332,
    "84:14": -98.3,
    "84:15": 281.6923076923077,
    "84:16": 127.0,
    "84:17": 43.0625,
    "84:18": 57.63636363636363,
    "84:20": 99.46666666666667,
    "84:21": 190.6875,
    "84:22": 84.57894736842105,
    "84:23": 50.81818181818182,
    "A:0": 73.97222222222223,
    "A:1": 45.925,
    "A:2": 166.375,
    "A:12": 130.42857142857142,
    "A:13": 31.0,
    "A:14": 152.14285714285714,
    "A:15": 49.166666666666664,
    "A:16": 417.9230769230769,
    "A:18": 78.8936170212766,
    "A:19": 85.07692307692308,
    "A:20": 43.20338983050848,
    "A:21": 52.107142857142854,
    "A:22": 49.0,
    "A:23": 39.390243902439025,
    "B:0": 66.57692307692308,
    "B:1": 48.333333333333336,
    "B:2": 115.89473684210526,
    "B:3": 55.36363636363637,
    "B:15": 112.0952380952381,
    "B:16": 194.77777777777777,
    "B:17": 86.78947368421052,
    "B:18": 60.30434782608695,
    "B:19": 39.91111111111111,
    "B:20": 47.45,
    "B:21": 42.21052631578947,
    "B:22": 42.61764705882353,
    "B:23": 106.72307692307692,
    "C:0": 93.7,
    "C:1": 53.5,
    "C:2": 41.23076923076923,
    "C:13": 165.57142857142858,
    "C:14": 115.10714285714286,
    "C:15": 126.8125,
    "C:16": 57.130434782608695,
    "C:17": 59.80769230769231,
    "C:18": 94.38888888888889,
    "C:19": 46.61702127659574,
    "C:20": 42.36538461538461,
    "C:21": 69.5,
    "C:22": 43.40677966101695,
    "C:23": 67.15555555555555,
    "D:0": 64.03571428571429,
    "D:1": 83.90625,
    "D:2": 41.90625,
    "D:3": 102.73684210526316,
    "D:11": 43.333333333333336,
    "D:13": 61.27272727272727,
    "D:14": 123.13888888888889,
    "D:15": 41.55555555555556,
    "D:16": 47.23529411764706,
    "D:17": 46.26470588235294,
    "D:18": 48.43333333333333,
    "D:19": 39.7,
    "D:20": 56.22641509433962,
    "D:21": 45.88,
    "D:22": 50.648648648648646,
    "D:23": 50.54716981132076,
    "E:0": 130.64285714285714,
    "E:18": 38.25,
    "E:20": 47.6,
    "E:21": 45.92857142857143,
    "E:22": 23.166666666666668,
    "E:23": 52.083333333333336,
    "F:14": 35.0,
    "F:16": 55.5,
    "F:22": 40.2,
    "F:23": 65.63636363636364,
    "G:0": 51.30555555555556,
    "G:1": 83.19354838709677,
    "G:2": 41.473684210526315,
    "G:3": 50.642857142857146,
    "G:13": 106.1,
    "G:15": 61.63636363636363,
    "G:17": 35.526315789473685,
    "G:18": 49.65,
    "G:19": 35.714285714285715,
    "G:21": 41.0,
    "G:22": 43.6,
    "G:23": 114.79310344827586,
    "H:0": 120.06666666666666,
    "H:1": 46.0625,
    "H:2": 204.66666666666666,
    "H:20": 28.75,
    "H:22": 38.125,
    "H:23": 50.333333333333336,
    "J:0": 99.33333333333333,
    "J:15": 36.4,
    "J:18": 67.45454545454545,
    "J:20": 85.4,
    "O:0": 36.333333333333336,
    "O:1": 40.92307692307692,
    "O:15": 120.0625,
    "O:18": 113.64285714285714,
    "O:19": 120.66666666666667,
    "O:20": 129.52173913043478,
    "O:21": 164.4,
    "O:22": 95.11111111111111,
    "O:23": 58.7,
    "P:17": 406.9,
    "R:0": 45.86666666666667,
    "R:14": 44.588235294117645,
    "R:16": 256.5,
    "R:17": 151.0,
    "R:18": 48.666666666666664,
    "R:19": 60.6875,
    "R:20": 39.54545454545455,
    "R:22": 35.81818181818182,
    "R:23": 36.34782608695652
  },
  "stop_avg_error": {
    "0005": 48.19440630048465,
    "0010": -144.97916666666666,
    "0039": 21.9811320754717,
    "0049": 48.04221324717285,
    "0052": 60.17327948303715,
    "0060": 74.37991922455574,
    "0061": 40.39995961227787,
    "0087": 86.96104604200323,
    "0115": 76.59657915993537,
    "0133": 77.23657915993537,
    "0145": 69.60659935379644,
    "0161": 72.97102584814216,
    "0182": 75.63102584814217,
    "0184": 228.78221324717285,
    "0200": 98.60344827586206,
    "0201": 70.41665993537966,
    "0286": 60.336579159935376,
    "0288": 145.0143659127625,
    "0298": 130.0899394184168,
    "0336": 100.56108642972536,
    "0432": 66.72,
    "0438": 125.24104604200325,
    "0470": 76.1221324717286,
    "0480": 67.09215266558967,
    "0486": 78.4921930533118,
    "0488": 200.67307692307693,
    "0528": 71.23215266558967,
    "0532": 189.07692307692307,
    "0533": 66.67657915993537,
    "0537": 68.00104604200324,
    "0571": 76.33770597738288,
    "0573": 164.32663974151856,
    "0593": 75.10547253634894,
    "0610": 78.01657915993538,
    "0626": 82.70663974151859,
    "0682": 73.61657915993538,
    "0692": 70.21436591276252,
    "0706": 50.19774636510501,
    "0710": 76.29436591276252,
    "0716": 73.197746365105,
    "0743": 74.6299394184168,
    "0752": 183.68104604200323,
    "0765": 59.549979806138936,
    "0782": 88.9421324717286,
    "0791": 64.63215266558966,
    "0806": 70.36547253634895,
    "0839": 69.49657915993538,
    "0887": 93.48885298869143,
    "0914": 77.91436591276252,
    "0941": 74.96329967689822,
    "0977": 66.6021324717286,
    "10001": 143.05657915993538,
    "10013": 111.98547253634895,
    "10017": 102.47991922455574,
    "10041": 77.27657915993538,
    "10046": 80.35102584814217,
    "10050": 66.98659935379644,
    "10053": 78.41102584814216,
    "10054": 64.99102584814217,
    "10057": 47.53770597738288,
    "10061": 81.71549273021002,
    "10069": 63.05102584814217,
    "10070": 78.21327948303716,
    "10071": 56.44325928917608,
    "10077": 37.64776655896607,