{
  "global_avg_error": 79.55116079105761,
  "global_error_std": 177.95190638532907,
  "route_avg_error": {
    "80": 140.50925925925927,
    "81": 37.36842105263158,
    "82": 39.0,
    "A": 82.8409090909091,
    "B": 98.05882352941177,
    "C": 47.31578947368421,
    "D": 54.32374100719424,
    "E": 101.20370370370371,
    "F": 62.09090909090909,
    "G": 46.4639175257732,
    "H": 82.07352941176471,
    "J": 72.40625,
    "L": 97.36842105263158,
    "O": 40.76,
    "P": 54.09090909090909,
    "R": 36.72
  },
  "route_error_std": {
    "80": 298.56344408923457,
    "81": 154.63040871750368,
    "82": 67.09519137674735,
    "A": 161.03543455020466,
    "B": 192.2394763150117,
    "C": 33.70824252367791,
    "D": 78.58164920450928,
    "E": 221.66670370895486,
    "F": 25.173218091672528,
    "G": 28.734075972495223,
    "H": 170.35689632260494,
    "J": 108.52853330033804,
    "L": 225.65194696609788,
    "O": 46.55414227826892,
    "P": 29.41922686086276,
    "R": 28.28798331447471
  },
  "hour_route_error": {
    "80:0": 146.76190476190476,
    "80:1": 158.52941176470588,
    "80:2": 204.68421052631578,
    "80:3": 101.9047619047619,
    "80:4": 260.22727272727275,
    "80:5": 168.5,
    "80:6": 248.0,
    "80:22": 32.83720930232558,
    "80:23": 115.71428571428571,
    "81:23": 60.285714285714285,
    "82:0": 18.23076923076923,
    "82:1": 42.53333333333333,
    "82:2": 57.785714285714285,
    "82:4": 27.4375,
    "A:0": 42.18181818181818,
    "A:1": 54.47826086956522,
    "A:2": 191.07142857142858,
    "A:4": 65.9,
    "A:22": 110.33333333333333,
    "A:23": 50.5,
    "B:0": 118.25925925925925,
    "B:1": 47.833333333333336,
    "B:2": 114.3,
    "B:3": 58.86666666666667,
    "B:4": 64.2,
    "B:22": 47.705882352941174,
    "B:23": 169.2058823529412,
    "C:0": 44.9,
    "C:1": 44.833333333333336,
    "C:2": 45.54545454545455,
    "C:22": 55.857142857142854,
    "C:23": 32.07692307692308,
    "D:0": 39.46153846153846,
    "D:1": 44.68421052631579,
    "D:2": 47.903225806451616,
    "D:3": 94.47826086956522,
    "D:22": 54.86666666666667,
    "D:23": 47.8,
    "E:0": 122.625,
    "E:23": 118.38461538461539,
    "G:0": 45.294117647058826,
    "G:1": 45.904761904761905,
    "G:2": 41.1578947368421,
    "G:3": 55.15,
    "G:23": 42.77777777777778,
    "H:1": 37.2,
    "H:2": 186.14285714285714,
    "H:22": 66.5,
    "H:23": 56.857142857142854,
    "J:23": 32.9,
    "O:3": 43.583333333333336,
    "O:22": 27.8,
    "O:23": 44.8
  },
  "stop_avg_error": {
    "0005": 70.84092863284609,
    "0010": 1.968650042992266,
    "0039": 57.541719690455714,
    "0049": 70.33683576956147,
    "0288": 156.4788822012038,
    "0486": 71.34785898538263,
    "0765": 75.88581255374032,
    "10077": 67.40990541702494,
    "2125": 193.27888220120377,
    "2145": 134.36990541702494,
    "2442": 118.42785898538264,
    "2978": 95.3768357695615,
    "2996": 78.32785898538263
  },
  "stop_error_std": {
    "0005": 22.588099128129887,
    "0010": 156.677081260176,
    "0039": 44.08730042177149,
    "0049": 35.973509789752335,
    "0288": 352.27841735385005,
    "0486": 49.42839939414048,
    "0765": 34.404457075598025,
    "10077": 55.102219061073626,
    "2125": 476.99884854698706,
    "2145": 474.452756533059,
    "2442": 376.1248599287347,
    "2978": 300.27179080234686,
    "2996": 72.72189738293658
  },
  "horizon_bucket_error": {
    "0-2": 54.21518987341772,
    "2-5": -20.304347826086957,
    "5-10": -52.083333333333336
  },
  "route_horizon_error": {
    "80:0-2": 3.5,
    "80:5-10": -163.36363636363637,
    "82:5-10": 43.36363636363637,
    "B:0-2": 102.46666666666667,
    "D:0-2": 98.81818181818181
  },
  "route_horizon_std": {
    "80:0-2": 29.288791940490366,
    "80:5-10": 182.6654169388791,
    "82:5-10": 95.02554680429124,
    "B:0-2": 305.7715923146993,
    "D:0-2": 268.83668580824985
  },
  "day_of_week_error": {
    "0": 85.40229885057471,
    "6": 67.49473684210527
  },
  "version": "20260318_094013"
}