{
  "global_avg_error": 76.55444617784711,
  "global_error_std": 169.1467993989931,
  "route_avg_error": {
    "80": 89.07643312101911,
    "81": 43.902654867256636,
    "82": 54.69620253164557,
    "A": 85.69832402234637,
    "B": 54.625,
    "C": 75.22779043280183,
    "D": 59.92075471698113,
    "E": 88.26881720430107,
    "F": 150.01388888888889,
    "G": 59.317880794701985,
    "H": 50.86614173228347,
    "J": 42.25,
    "L": 101.63636363636364,
    "O": 30.78481012658228,
    "P": 417.2142857142857,
    "R": 73.53714285714285,
    "S": 32.875
  },
  "route_error_std": {
    "80": 269.8197609599585,
    "81": 77.28945647482885,
    "82": 102.68737472621714,
    "A": 178.1877490157084,
    "B": 93.6173813947854,
    "C": 142.4255571070473,
    "D": 106.31726633355636,
    "E": 173.30057701959595,
    "F": 274.51963130784634,
    "G": 119.60447989719711,
    "H": 37.26617305336362,
    "J": 55.011304199624185,
    "L": 159.428524880131,
    "O": 57.7300683522085,
    "P": 413.34887737247703,
    "R": 129.9907934089956,
    "S": 90.81146858237102
  },
  "hour_route_error": {
    "80:0": 113.45833333333333,
    "80:1": 147.47058823529412,
    "80:2": 211.25,
    "80:3": 51.46666666666667,
    "80:4": 200.76190476190476,
    "80:5": 55.473684210526315,
    "80:6": 236.04347826086956,
    "80:7": 65.1,
    "80:17": 12.727272727272727,
    "80:18": 122.77272727272727,
    "80:19": 11.133333333333333,
    "80:20": 50.95238095238095,
    "80:21": -12.233333333333333,
    "80:22": 47.42857142857143,
    "80:23": 107.28,
    "81:1": 32.523809523809526,
    "81:2": 45.54545454545455,
    "81:3": 42.111111111111114,
    "81:4": 55.95,
    "81:7": 45.111111111111114,
    "82:1": 94.9,
    "82:2": 53.958333333333336,
    "82:3": 61.285714285714285,
    "82:4": 114.03448275862068,
    "82:5": 22.6,
    "82:6": 33.541666666666664,
    "82:7": -9.107142857142858,
    "A:0": 122.61904761904762,
    "A:1": 59.91304347826087,
    "A:2": 121.4375,
    "A:3": 181.78048780487805,
    "A:4": 151.33333333333334,
    "A:5": 52.608695652173914,
    "A:17": 58.72222222222222,
    "A:18": 53.23170731707317,
    "A:19": 63.46153846153846,
    "A:20": 65.98958333333333,
    "A:21": 71.37894736842105,
    "A:22": 109.91489361702128,
    "A:23": 90.37878787878788,
    "B:0": 41.58620689655172,
    "B:1": 97.94117647058823,
    "B:17": 46.46938775510204,
    "B:18": 44.0,
    "B:19": 36.886792452830186,
    "B:20": 72.41818181818182,
    "B:21": 45.26829268292683,
    "B:22": 68.29729729729729,
    "B:23": 49.40909090909091,
    "C:0": 52.54761904761905,
    "C:1": 69.76086956521739,
    "C:2": 70.35135135135135,
    "C:3": 130.4,
    "C:4": 80.71428571428571,
    "C:17": 42.758620689655174,
    "C:18": 44.54838709677419,
    "C:19": 90.25490196078431,
    "C:20": 43.74074074074074,
    "C:21": 54.642857142857146,
    "C:22": 59.025,
    "C:23": 75.71428571428571,
    "D:0": 102.5,
    "D:1": 49.3,
    "D:2": 35.22222222222222,
    "D:3": 48.55555555555556,
    "D:4": 58.916666666666664,
    "D:17": 60.75,
    "D:18": 44.32258064516129,
    "D:19": 60.36842105263158,
    "D:20": 126.47826086956522,
    "D:21": 31.666666666666668,
    "D:22": 57.05882352941177,
    "D:23": 46.793103448275865,
    "E:17": 41.07692307692308,
    "E:18": 148.25,
    "E:21": 183.53846153846155,
    "E:22": 69.27272727272727,
    "E:23": 101.8,
    "F:21": 186.15384615384616,
    "F:23": 128.4,
    "G:1": 167.26666666666668,
    "G:2": 37.06666666666667,
    "G:4": 44.5,
    "G:17": 48.266666666666666,
    "G:18": 58.2,
    "G:19": 54.5,
    "G:20": 37.2,
    "H:2": 42.54545454545455,
    "H:17": 48.785714285714285,
    "H:18": 53.583333333333336,
    "H:19": 45.214285714285715,
    "H:20": 63.0625,
    "H:21": 58.733333333333334,
    "H:22": 48.8235294117647,
    "H:23": 61.0,
    "O:20": 38.285714285714285,
    "O:22": 31.466666666666665,
    "P:17": 407.7,
    "P:19": 358.27272727272725,
    "R:0": 54.77272727272727,
    "R:1": 87.9,
    "R:3": 50.90909090909091,
    "R:17": 69.41176470588235,
    "R:18": 52.76470588235294,
    "R:19": 58.1764705882353,
    "R:20": 167.2,
    "R:21": 61.65,
    "R:22": 76.83333333333333,
    "R:23": 107.68181818181819
  },
  "stop_avg_error": {
    "0005": 66.80137909516381,
    "0010": -32.51428571428571,
    "0039": 40.11286739469579,
    "0049": 69.17048985959438,
    "0061": 59.361379095163805,
    "0087": 63.183956318252726,
    "0096": 92.18355694227769,
    "0115": 66.50375663026522,
    "0161": 60.85484555382215,
    "0200": 61.92613416536661,
    "0201": 73.58811232449298,
    "0336": 77.7835569422777,
    "0432": 66.99702340093603,
    "0480": 67.75246801872075,
    "0486": 60.02375663026521,
    "0519": 70.6435569422777,
    "0533": 71.99029017160686,
    "0573": 141.65484555382216,
    "0593": 70.50811232449297,
    "0626": 66.9683120124805,
    "0692": 74.45029017160687,
    "0710": 70.33246801872075,
    "0765": 70.08157878315133,
    "0791": 72.68355694227769,
    "0887": 63.25920124804992,
    "0941": 74.91246801872074,
    "0961": 73.0235569422777,
    "0977": 66.1813790951638,
    "10013": 220.94633385335413,
    "10017": 155.60395631825276,
    "10021": 84.4437566302652,
    "10034": 71.0235569422777,
    "10041": 68.55920124804992,
    "10042": 71.33920124804992,
    "10045": 70.32593447737909,
    "10046": 68.76593447737909,
    "10049": 70.2613790951638,
    "10050": 124.44633385335413,
    "10053": 64.60137909516381,
    "10054": 64.49920124804991,
    "10057": 57.50811232449298,
    "10058": 68.35920124804991,
    "10061": 82.18593447737909,
    "10062": 69.93029017160686,
    "10069": 64.8035569422777,
    "10070": 71.99504524180966,
    "10071": 65.93246801872075,
    "10077": 45.60395631825273,
    "10081": 56.990889235569426,
    "10082": 41.50177847113885,
    "10085": 75.78157878315133,
    "10086": 39.377422776911075,
    "10089": 69.63266770670828,
    "10090": 53.837422776911076,
    "10093": 70.43029017160686,
    "10094": 60.96613416536661,
    "10097": 68.0413790951638,
    "10098": 54.10613416536661,
    "10101": 66.11702340093603,
    "10102": 65.90811232449298,
    "10105": 76.09029017160687,
    "10106": 89.71920124804993,
    "10109": 64.2613790951638,
    "10110": 71.25246801872075,
    "10114": 65.4013790951638,
    "10118": 66.09920124804992,
    "10125": 69.85029017160686,
    "10126": 72.3635569422777,
    "1227": 67.42375663026522,
    "1289": 75.55702340093603,
    "1301": 78.13246801872074,
    "1679": 63.36811232449298,
    "1901": 180.23702340093604,
    "2091": 79.5035569422777,
    "2125": 168.24811232449298,
    "2145": 64.1659344773791,
    "2146": 68.17246801872075,
    "2175": 95.14137909516381,
    "2184": 72.99246801872076,
    "2192": 67.11029017160686,
    "2195": 80.24137909516381,
    "2349": 58.041379095163805,
    "2376": 71.2835569422777,
    "2395": 78.05920124804992,
    "2442": 132.17702340093604,
    "2605": 65.03246801872075,
    "2643": 63.919201248049916,
    "2717": 68.0835569422777,
    "2820": 89.54395631825273,
    "2923": 73.27246801872074,
    "2978": 131.09484555382215,
    "2996": 114.10811232449296,
    "4179": 72.0235569422777,
    "9209": 395.6394009360375
  },
  "stop_error_std": {
    "0005": 30.01350706033212,
    "0010": 235.00161842533316,
    "0039": 48.2003975618786,
    "0049": 29.922012629949204,
    "0061": 81.69840137896695,
    "0087": 32.33282195635536,
    "0096": 163.90312179251904,
    "0115": 27.946167967962396,
    "0161": 25.650300358801495,
    "0200": 32.29138965968863,
    "0201": 29.354159273715652,
    "0336": 43.35909490650273,
    "0432": 30.112497405562365,
    "0480": 46.89640420408293,
    "0486": 43.18239569831222,
    "0519": 27.8966346038769,
    "0533": 42.90104893822527,
    "0573": 456.8588582263337,
    "0593": 53.37040378337043,
    "0626": 32.18954281543413,
    "0692": 34.24815173751566,
    "0710": 20.678930867387265,
    "0765": 45.50855492573425,
    "0791": 29.19969558441016,
    "0887": 85.29448019449062,
    "0941": 38.67416332761329,