{
  "routes": {
    "total": 21,
    "top_10": {
      "C": 40207,
      "A": 19960,
      "P": 17087,
      "H": 16980,
      "J": 13173,
      "38": 12813,
      "G": 11257,
      "F": 10675,
      "28": 9937,
      "B": 9857
    }
  },
  "temporal": {
    "busiest_hour": 8,
    "busiest_day": 3,
    "weekend_percentage": 17.539387415598394,
    "rush_hour_percentage": 54.907525198160286
  },
  "performance": {
    "mean_error": 0.3699322297579672,
    "median_error": 0.330427249999996,
    "std_error": 0.2601269087835993,
    "max_error": 2.112216633333333,
    "within_1min": 99.17751247675898,
    "within_2min": 99.99657500733927,
    "within_5min": 100.0
  }
}